,title,desc,exp,rating,cuisine_tags,img,url,cover_image,adress,post,location,more_desc,phone,social_url
0,BÄ°R-Ä°KÄ° DÃ¶ner,BakÄ± ÅŸÉ™hÉ™rinÉ™ dÃ¶nÉ™rism konsepsiyasÄ±nÄ± yayan mÉ™kan,$,9.2,"dÃ¶nÉ™r, ÅŸaurma, roll",https://prod-wolt-venue-images-cdn.wolt.com/5d3f0e585ed88fbd2c11342c/49adf2c6267a3d3792003237ec5d6728,https://wolt.com/az/aze/baku/restaurant/biriki-doner,https://prod-wolt-venue-images-cdn.wolt.com/5d3f0e585ed88fbd2c11342c/1ce1cca3e5e3367d35b033a3d6c764a4,Yusif Mammadaliyev 27A,AZ1000 Baku,"https://maps.google.com/?q=40.37140467126463,49.83856558799744","BÄ°R-Ä°KÄ° dÃ¶ner shop - BakÄ± ÅŸÉ™hÉ™rinÉ™ dÃ¶nÉ™rism konsepsiyasÄ±nÄ± yayan mÉ™kan. Ä°nanÄ±n, BakÄ± hÉ™lÉ™ belÉ™ DOBRÄ°Y dÃ¶nÉ™r gÃ¶rmÉ™yib. ÆnÉ™nÉ™vi dÃ¶nÉ™rlÉ™ yanaÅŸÄ± ÆfsanÉ™vi BakÄ± 1996 dÃ¶nÉ™rinin, porsion dÃ¶nÉ™rin vÉ™ plovÃ¼stÃ¼ dÃ¶nÉ™rin dadÄ±na baxa bilÉ™cÉ™yiniz mÉ™kan.",+994124989149,https://www.facebook.com/BIRIKIDONER
1,Vapiano Uzeyir Hajibeyov,Italian Cuisine,$$,8.8,"pasta, pizza, salat",https://prod-wolt-venue-images-cdn.wolt.com/5d08f6ef34d95657b705d546/b3e262f325480db01135fbcec3700cf9-edits/3aab41f9ae1b3e33f8a2b242f9120947,https://wolt.com/az/aze/baku/restaurant/vapiano-uzeyir-hajibayli,https://prod-wolt-venue-images-cdn.wolt.com/5d08f6ef34d95657b705d546/00b8984e166b4d2737af61c1fbd6ae0a,"Uzeyir Hajibeyov 6/8, Sabail distr.",AZ1000 Baku,"https://maps.google.com/?q=40.371016410416594,49.84093129634857",People who meet in our relaxed setting share one important quality: the love of enjoying life and sharing on companionship,+994125988118,https://www.vapiano.com/en/home/
2,Meatadore,Probably the best burger you ever had in town,$$,9.2,"qamburger, Ã‡izburger, iÃ§kilÉ™r",https://prod-wolt-venue-images-cdn.wolt.com/5dedf69b574423fd8c9be575/a09c7e2406e369b95402678f70052ea9-edits/4cebbb37d773035c3ea2d2a9edea5196,https://wolt.com/az/aze/baku/restaurant/meatadore,https://prod-wolt-venue-images-cdn.wolt.com/5dedf69b574423fd8c9be575/3e519dc31b61e270ec56d06385bdf8fa-edits/b1983764d11f13e147612541637ab851,Zeynalabdin Taghiyev str. 6A,AZ1001 Baku,"https://maps.google.com/?q=40.369978312531934,49.839359521865845",Probably the best burger you ever had in town,+994507709966,https://www.facebook.com/meatadore/
3,NamlÄ± Kebap,TÃ¼rk mÉ™tbÉ™xinin É™n lÉ™zzÉ™tli unvanÄ±,$$$,8.8,"tÃ¼rk, kÉ™bab, dÃ¶nÉ™r",https://prod-wolt-venue-images-cdn.wolt.com/5f310654a746da64bcbffa34/3feeeb5a-db1e-11ea-84a0-6ec5193e6132_img_7501.jpg,https://wolt.com/az/aze/baku/restaurant/namli,https://prod-wolt-venue-images-cdn.wolt.com/5f310654a746da64bcbffa34/501575b2-db1e-11ea-9ef7-bad3731a5b9a_img_7493.jpg,3 Mardanov brothers str.,AZ1000 Baku,"https://maps.google.com/?q=40.3726589894877,49.840339569820536",TÃ¼rk mÉ™tbÉ™xinin É™n lÉ™zzÉ™tli unvanÄ±,+994502064644,http://www.namlikebapbaku.az/
4,Shaurma â„–1 Nizami KÃ¼Ã§. ,1998-ci ildÉ™n,$$,9.2,"lahmacun, mucha pizza, pide",https://prod-wolt-venue-images-cdn.wolt.com/5e6b61032184a4176e154156/f0f314e2-5fbe-11eb-98d5-66ff70be21c9_shaurma_1_group__1_.jpg,https://wolt.com/az/aze/baku/restaurant/shaurma-1-nizami-str,https://prod-wolt-venue-images-cdn.wolt.com/5e6b61032184a4176e154156/f40fd4f8-5fbe-11eb-bd16-66ff70be21c9_c8b6112f_105c_46cb_8819_c01eb41900aa.png,Nizami Street 81,AZ1000 Baku,"https://maps.google.com/?q=40.37303592011353,49.84041420888251",AzÉ™rbaycanÄ±n ilk â€œfast-foodâ€ brendi,+994552527605,https://www.facebook.com/pg/shaurma.az/about/?ref=page_internal
5,Central Baku,Ä°ncÉ™liklÉ™ri ilÉ™ seÃ§ilÉ™n kafe vÉ™ ÅŸiriniyyat evi,$$$,9.0,"desert, desertlÉ™r, balÄ±q",https://prod-wolt-venue-images-cdn.wolt.com/5d400f71c28227d07e1bcd32/01478692-bc24-11e9-9e9b-0a586465596d_Group.jpg,https://wolt.com/az/aze/baku/restaurant/central-baku,https://prod-wolt-venue-images-cdn.wolt.com/5d400f71c28227d07e1bcd32/0523ef3a-bc24-11e9-b016-0a586466e613_Close%20Up.jpg,75 Nizami str.,AZ1000 Baku,"https://maps.google.com/?q=40.37253536185212,49.83862102020794","Central Baku - tarixi olan Nizami kuÃ§É™sindÉ™ yerlÉ™ÅŸÉ™n, incÉ™liklÉ™ri ilÉ™ seÃ§ilÉ™n yemÉ™klÉ™r, ÅŸirniyyat vÉ™ ÅŸokolad mÉ™hsullarÄ± tÉ™klif edÉ™n bir mÉ™kandÄ±r.",+994505024555,https://www.facebook.com/centralbakuaz/
6,SunSet Cafe,"Klassik Amerika mÉ™tbÉ™xi
",$$$,9.0,"Amerika, meksikan",https://prod-wolt-venue-images-cdn.wolt.com/5e58ed504b9b4faa73ee5a25/970fb0e2-5a16-11ea-b11a-0a586475cdcf_IMG_9456.jpg,https://wolt.com/az/aze/baku/restaurant/sunset-cafe,https://prod-wolt-venue-images-cdn.wolt.com/5e58ed504b9b4faa73ee5a25/a18a3f4c-5a16-11ea-b610-0a586479b24c_IMG_9462.jpg,"Sabail dist, HajÄ± Zeynalabdin TaghÄ±yev 8A",az1005 Baku,"https://maps.google.com/?q=40.3701173394329,49.839153152852","Klassik Amerika mÉ™tbÉ™xi
",+99412492 22 92,https://www.facebook.com/pg/SunsetCafeBaku/
7,PakDad Nizami ,Ætin É™n lÉ™zzÉ™tli halÄ±,$$,9.0,"kÉ™bab, dÃ¶nÉ™r, lahmacun",https://prod-wolt-venue-images-cdn.wolt.com/5db611efd05f9c07b89b32c9/ce64f5a566ffc475dded13b2875a7c33-edits/1feee4dc411353b5cc76699de125df25,https://wolt.com/az/aze/baku/restaurant/pakdad-nizami,https://prod-wolt-venue-images-cdn.wolt.com/5db611efd05f9c07b89b32c9/69686a4462beed8abe8d3e7fe7364d61-edits/31cf4d3af03cdd156bcdcb974e5dead4,"87 Nizami St, Baku 1000",AZ1000 Baku,"https://maps.google.com/?q=40.37323151070397,49.84020709991455","HÉ™r ÅŸÃ¼frÉ™dÉ™ dad, o da PakDad",+994512355231,https://pakdad.az
8,Tavuk Pilav,ğŸ›â¤ï¸,$,8.4,"Eastern cuisine, acÄ±lÄ±, tÃ¼rk",https://prod-wolt-venue-images-cdn.wolt.com/5fbcf97503fd352e5df1a6e4/3bcfe67c-2f0c-11eb-a7ac-5691956cc893_img_7379.jpg,https://wolt.com/az/aze/baku/restaurant/tavuk-pilav,https://prod-wolt-venue-images-cdn.wolt.com/5fbcf97503fd352e5df1a6e4/46f7df82-2f0c-11eb-8bc2-e2a46cebd0af_img_7394.jpg,Haci Zeynalabdin Tagiyev street 16,AZ1005 Baku,"https://maps.google.com/?q=40.370644739605865,49.83852461534219",ğŸ›â¤ï¸,+994503021206,https://www.instagram.com/pilov_plove/
9,Yoshi Sushi,"Sushi, É™riÅŸtÉ™ vÉ™ daha Ã§ox!",$$$,8.8,"suÅŸi, sup, salat",https://prod-wolt-venue-images-cdn.wolt.com/5d1249adda5aa4385a6c2aee/ba37628b0b201e84792078595d389f1a-edits/7f99a26f153609bfa664db73b3023aa4,https://wolt.com/az/aze/baku/restaurant/yoshisushi-hztaghiyev,https://prod-wolt-venue-images-cdn.wolt.com/5d1249adda5aa4385a6c2aee/00a448e4006f9ed23cee903544a78085,24B Haji Zeynalabdin Taghiyev str.,AZ1005 Baku,"https://maps.google.com/?q=40.3709700701845,49.8382401465278","TÉ™crÃ¼bÉ™li ustalarÄ±mÄ±z tÉ™rÉ™findÉ™n hazÄ±rlanan yÃ¼ksÉ™k keyfiyyÉ™tli vÉ™ lÉ™zzÉ™tli suÅŸilÉ™ri, salatlarÄ± vÉ™ qÉ™lyanaltÄ±larÄ± sizlÉ™rÉ™ tÉ™qdim edirik!",+994125555033,http://yoshisushi.az/
10,MADO Fountain Square,Â ,$$,9.0,"sÉ™hÉ™r yemÉ™yi, desert, dondurma",https://prod-wolt-venue-images-cdn.wolt.com/5ec38fbe4833665373b42a68/042bac98-99a6-11ea-89c6-0a58647f8de2_img_1712.jpg,https://wolt.com/az/aze/baku/restaurant/mado-fountain-square,https://prod-wolt-venue-images-cdn.wolt.com/5ec38fbe4833665373b42a68/5e89ff8e-8643-11eb-a848-02719d7628c4_wolt_cover_site_8__novruz_.jpg,Mardanov Qardashlari 3,AZ1000 Baku,"https://maps.google.com/?q=40.37252723332921,49.84043136687561",MADO Restaurant aims to distribute good quality food and ice cream around the world and popularize it on global scale.,+994513300110,https://mado.az/
11,Livan Shaurma,Æsil Livan dadlÄ± ÅaurmanÄ± bizdÉ™ Dad!,$,8.6,"ÅŸaurma, kartof fri, salat",https://prod-wolt-venue-images-cdn.wolt.com/5fa4f261499afeabb74ef8e7/7a5c9f0a-200e-11eb-8769-5e4a79cfc8a9_3.saurma_kumpir_7.90azn.png,https://wolt.com/az/aze/baku/restaurant/livan-shaurma,https://prod-wolt-venue-images-cdn.wolt.com/5fa4f261499afeabb74ef8e7/8a30712c-200e-11eb-9710-4697b53232e0_9.arabiyan_saurma_4.90azn_.png,"Yusif Mammadaliyev Str. 26, Baku 1005, Azerbaijan",AZ1005 Baku,"https://maps.google.com/?q=40.37147140819272,49.83875185648157",Æsil Livan dadlÄ± ÅaurmanÄ± bizdÉ™ Dad!,+994555335707,https://wolt.com/en/discovery
12,The House Cafe,"Timeless taste, Everlasting warmth.",$$$,9.0,"pizza, lemonad, iÃ§kilÉ™r",https://prod-wolt-venue-images-cdn.wolt.com/5fcfd14993fcde85bfb71d82/1109ca22-398c-11eb-a829-e62860725d8a_img_0037.jpg,https://wolt.com/az/aze/baku/restaurant/the-house-cafe,https://prod-wolt-venue-images-cdn.wolt.com/5fcfd14993fcde85bfb71d82/33f18994-398c-11eb-888e-269929e61e2a_noodles.jpg,Tarlan Aliyarbayov 14,AZ1005 Baku,"https://maps.google.com/?q=40.37065434227834,49.83775411715665","Timeless taste, Everlasting warmth.",+994512550084,https://www.instagram.com/thehousecafe.baku/?hl=en
13,Pizza da Roma,MÃ¼kÉ™mmÉ™l zÃ¶vq balansÄ± ,$$$,9.2,"pasta, pizza",https://prod-wolt-venue-images-cdn.wolt.com/5e8c47dcf31c0326af7fa34c/047c36c4-7b45-11ea-9b26-0a5864659005_myasnaya%20pizza.JPG,https://wolt.com/az/aze/baku/restaurant/pizza-da-roma,https://prod-wolt-venue-images-cdn.wolt.com/5e8c47dcf31c0326af7fa34c/0b251b06-78b3-11ea-966f-0a586464850f_Alle%20Verdure.JPG,"Sabail district, Rasul Rza str. 25",AZ1000 Baku,"https://maps.google.com/?q=40.37138592691706,49.839508654950905","Åef- aÅŸpazÄ±mÄ±z qeyd etdiyi kimi pizzanÄ±n sirri sousda, pendirdÉ™ vÉ™ ya doldurucularda deyil, yalnÄ±z dÃ¼zqÃ¼n undan hazÄ±rlanmÄ±ÅŸ xÉ™mirdÉ™dir",+994505974000,https://www.facebook.com/Pizza-da-Roma-Baku-102514004649755/
14,Oâ€™KÃ¶Ã¶z Grill and Ğ¡hill,The Spicy Grill,$$,,"qril, pizza, lahmacun",https://prod-wolt-venue-images-cdn.wolt.com/6035f56b74e6e4ab22fc3cc0/022441b0-7742-11eb-bbd3-760e22d0793c_lu_l___t.jpg,https://wolt.com/az/aze/baku/restaurant/okz-grill-and-hill,https://prod-wolt-venue-images-cdn.wolt.com/6035f56b74e6e4ab22fc3cc0/f2dede04-7741-11eb-bbd3-760e22d0793c_toyuq_langet.jpg,Sabail ray. Nizami str. 77,AZ1000 Baku,"https://maps.google.com/?q=40.37291,49.839585",The Spicy Grill,+994504774444,https://www.facebook.com/kozplusbaku/?ref=page_internal
15,Prive Steak Gallery,#Weloveprive #Welovemeat,$$$,9.0,"steyk, steykhaus",https://prod-wolt-venue-images-cdn.wolt.com/5f250d0555a717aba483cb4a/3ed3d810-d3f4-11ea-bb89-2226a0ec1ad4_img_7508.jpg,https://wolt.com/az/aze/baku/restaurant/prive-steak-house,https://prod-wolt-venue-images-cdn.wolt.com/5f250d0555a717aba483cb4a/46259e64-d3f4-11ea-bae5-7a28adad8722_img_7518.jpg,"Sabail District, Khagani 14A",AZ1000 Baku,"https://maps.google.com/?q=40.37228398079378,49.84161210528014",#Weloveprive #Welovemeat,+994502687338,http://www.privebaku.com/
16,Prive Shop,#Weloveprive #Welovemeat,$$$,9.2,"shop, É™t, steyk",https://prod-wolt-venue-images-cdn.wolt.com/5f2d184401afb21ec6c0e159/dcead940-d8c2-11ea-8d6c-f20a55234a95_t_bone_steak.jpg,https://wolt.com/az/aze/baku/restaurant/prive-steak-gastronomy,https://prod-wolt-venue-images-cdn.wolt.com/5f2d184401afb21ec6c0e159/e03895ce-d8c2-11ea-afd3-f20a55234a95_dana_can__ti.jpg,Bu virtual mÉ™kandÄ±r ,AZ1000 Baku,"https://maps.google.com/?q=40.37230032835964,49.841684524919096",#Weloveprive #Welovemeat,+994502687338,http://www.privebaku.com/
17,Merkez Lahmacun,TÃ¼rk MÉ™tbÉ™xi,$$,8.8,"dÃ¶nÉ™r, lahmacun, kÉ™bab",https://prod-wolt-venue-images-cdn.wolt.com/5db93e885640fdd54681e321/02ab2f778467284200b5ddad0858b647,https://wolt.com/az/aze/baku/restaurant/merkez-lahmacun,https://prod-wolt-venue-images-cdn.wolt.com/5db93e885640fdd54681e321/4154e554096c59988b3d04651d81f21b,H.Z. Taghiyev str. 16/18,AZ1000 Baku,"https://maps.google.com/?q=40.37120032372871,49.83797818422317",TÃ¼rk MÉ™tbÉ™xi,+994124933536,https://www.facebook.com/merkezlahmacunn/
18,Sweet Levantine,HÉ™r gÃ¼n Levantine gÃ¼nÃ¼dÃ¼r.,$$,9.0,"ÅŸirniyyat, un mÉ™mulatlarÄ±, kÃ¼nefe",https://prod-wolt-venue-images-cdn.wolt.com/5f902efbdbdbbc3cfbcd56a9/f6e7ad68-139c-11eb-84fe-0e73cefaefbe_photo_2020_10_21_16_52_27.jpg,https://wolt.com/az/aze/baku/restaurant/sweet-levantine,https://prod-wolt-venue-images-cdn.wolt.com/5f902efbdbdbbc3cfbcd56a9/17068eac-139d-11eb-9a18-2257f61080cf_photo_2020_10_21_16_52_27.jpg,Yusif Mammadaliyev 42A,AZ1005 Baku,"https://maps.google.com/?q=40.3715391820398,49.838661088102356",HÉ™r gÃ¼n Levantine gÃ¼nÃ¼dÃ¼r.,+994514443444,https://www.facebook.com/sweetlevantine/
19,Nutelland,Sizin sÌ§irin mÉ™kan ,$$,8.8,"blinÃ§ik, vafli, pankeyk",https://prod-wolt-venue-images-cdn.wolt.com/5fbb7139b112583cea426e77/7b4d375e-31b0-11eb-badb-328cad406ca3_img_7936.jpg,https://wolt.com/az/aze/baku/restaurant/nutelland,https://prod-wolt-venue-images-cdn.wolt.com/5fbb7139b112583cea426e77/837f19ba-31b0-11eb-ae30-328cad406ca3_img_7869.jpg,"Yusif Mamedaliyev str., 25B",AZ1005 Baku,"https://maps.google.com/?q=40.37135410000002,49.83868659999999",Sizin sÌ§irin mÉ™kan ,+994507722255,https://www.instagram.com/nutellandbaku/
20,Yarpaq Doner,Halal vÉ™ tÉ™bii É™tdÉ™n hazÄ±rlanmÄ±ÅŸ dÃ¶nÉ™rlÉ™r ğŸ¥™,$$,8.0,"ÅŸaurma, kartof fri, kÉ™bab",https://prod-wolt-venue-images-cdn.wolt.com/5f478114767a2dc76cf8779f/d8e9baf6-f423-11ea-8efb-6a7810a3cd7c_img_9021.jpg,https://wolt.com/az/aze/baku/restaurant/yarpaq-doner,https://prod-wolt-venue-images-cdn.wolt.com/5f478114767a2dc76cf8779f/dfb1eb92-f423-11ea-9d0b-8aa2020aad7a_img_9024.jpg,Uzeyir Hajibeyov street 8,AZ1005 Baku,"https://maps.google.com/?q=40.3711240137259,49.841165288369396",Halal vÉ™ tÉ™bii É™tdÉ™n hazÄ±rlanmÄ±ÅŸ dÃ¶nÉ™rlÉ™r ğŸ¥™,+994506601010,https://www.instagram.com/yarpaq.doner/?igshid=vb1xh89xwl34
21,Cadoro,BelÃ§ika vÉ™ Ä°talyan ÅŸokolad vÉ™ ÅŸirniyyatlar,$$$,8.8,"ÅŸirniyyatlar, dondurma, tort",https://prod-wolt-venue-images-cdn.wolt.com/5f33daca0809d99953679db3/583e66fa-e081-11ea-a0f5-eaf8295523bd_img_2451.jpg,https://wolt.com/az/aze/baku/restaurant/cadoro,https://prod-wolt-venue-images-cdn.wolt.com/5f33daca0809d99953679db3/4d23940e-e07a-11ea-8cc1-eaf8295523bd_img_7921_1_copy.jpg,"Sabail distr., Rasul Rza street 6",AZ1014 Baku,"https://maps.google.com/?q=40.3706792334722,49.84054294868828",BelÃ§ika vÉ™ Ä°talyan ÅŸokolad vÉ™ ÅŸirniyyatlar,+994124939944,https://www.instagram.com/cadoroshop/?hl=ru
22,Happy Moon's,Kocaman Mutlu Lezzetler,$$,8.4,"burgers, pizza, pasta",https://prod-wolt-venue-images-cdn.wolt.com/5fcd0e8252349c246f513047/59fcf1a2-3958-11eb-9ca3-6a5557c1f2f0_du_ru_m___sandvic____krep_genel.jpg,https://wolt.com/az/aze/baku/restaurant/happy-moons,https://prod-wolt-venue-images-cdn.wolt.com/5fcd0e8252349c246f513047/a311a5ea-3958-11eb-b2b4-6a5557c1f2f0_arizona_chicken.jpg,Nizami str. 69,AZ1005 Baku,"https://maps.google.com/?q=40.371961292523245,49.83783452014851",Kocaman Mutlu Lezzetler,+994506818171,https://www.instagram.com/happymoonscafebaku/
23,Kinder Ville Cafe,XanÄ±mlarÄ±nÄ±zÄ± vÉ™ uÅŸaqlarÄ±nÄ±zÄ± Kinder dessertlÉ™ri ilÉ™ sevindirin ğŸ«,$,8.6,"vafli, blinÃ§ik, pankeyk",https://prod-wolt-venue-images-cdn.wolt.com/5fd4f10ecd898804bcca09c0/f7ef8cd4-3dfa-11eb-9122-3af46b88bb94__mg_5925.jpg,https://wolt.com/az/aze/baku/restaurant/kinder-ville-cafe,https://prod-wolt-venue-images-cdn.wolt.com/5fd4f10ecd898804bcca09c0/0d249ab8-3dfb-11eb-87ba-9a0ed4fc35aa__mg_5888.jpg,Haji Zeynalabdin Tagiyev str. 14,AZ1005 Baku,"https://maps.google.com/?q=40.37056649673723,49.8385769533892",XanÄ±mlarÄ±nÄ±zÄ± vÉ™ uÅŸaqlarÄ±nÄ±zÄ± Kinder dessertlÉ™ri ilÉ™ sevindirin ğŸ«,+994702600009,https://www.instagram.com/kindervillecafe/
24,Mushu,Â ,,8.2,,https://prod-wolt-venue-images-cdn.wolt.com/5ebb257dbf0b5a4b319447f1/376374c8-98d5-11ea-8c02-0a58647f82c2_img_2545.jpg,https://wolt.com/az/aze/baku/restaurant/mushubaku,https://prod-wolt-venue-images-cdn.wolt.com/5ebb257dbf0b5a4b319447f1/342de072-98d5-11ea-937c-0a5864710033_img_2559.jpg,"Sabail district, Niyazi str. 5",AZ1000 Baku,"https://maps.google.com/?q=40.370812688819534,49.83807716586873",Asian Restaurant,+994508006565,https://mushu.az/
25,Mozzarella Nizami KÃ¼Ã§. ,"MÃ¼asir Avropa RestoranÄ±
",$$$,9.6,"iÃ§kilÉ™r, avropa, pizza",https://prod-wolt-venue-images-cdn.wolt.com/5e7dd634bbfa56e39062e074/f511b936-7016-11ea-94f8-0a58647f8730_IMG_1773.jpg,https://wolt.com/az/aze/baku/restaurant/mozzarella-nizami-str,https://prod-wolt-venue-images-cdn.wolt.com/5e7dd634bbfa56e39062e074/00535566-7017-11ea-94f8-0a58647f8730_IMG_1777.jpg,Nizami Str. 80A,AZ1000 Baku,"https://maps.google.com/?q=40.37285097151832,49.84054106856597","Sevimli yemÉ™klÉ™rinizin É™la biÅŸirilib gÃ¶zÉ™l tÉ™qdim olunduÄŸu mÉ™kan.
",+994514364848,https://www.instagram.com/mozzarella_baku/
26,Senior Mansimo Molokan Park,"DadlÄ± desertlÉ™r, kofe, milkÅŸeyk, limonad vÉ™ dondurmasÄ± bizim kafelÉ™rdÉ™dir.
",$$,,"kofe, Ammos CafÃ© och Creperi, vafli",https://prod-wolt-venue-images-cdn.wolt.com/5f97e3f2784ade598b30bfe6/f94bae00-3b93-11eb-9e58-6650e15e2582_image_11_12_20_12_12.jpeg,https://wolt.com/az/aze/baku/restaurant/senior-mansimo-molokan-park,https://prod-wolt-venue-images-cdn.wolt.com/5f97e3f2784ade598b30bfe6/361ad52c-18f3-11eb-9b4a-e288170cec2d_img_7055.jpg,Khagani str. 6A,az1000 Baku,"https://maps.google.com/?q=40.372106149787726,49.840892106080325","DadlÄ± desertlÉ™r, kofe, milkÅŸeyk, limonad vÉ™ dondurmasÄ± bizim kafelÉ™rdÉ™dir.
",+994503052166,https://www.facebook.com/pg/seniormansimo/about/?ref=page_internal
27,Tantuni & Pilaf,BoranÄ± sizlÉ™ri hÉ™m xidmÉ™t hÉ™m qida tÉ™rÉ™findÉ™n razÄ± salacaq,$$,8.8,"qamburger, tÃ¼rk, Ã‡izburger",https://prod-wolt-venue-images-cdn.wolt.com/5dcc1ce1f870d7d8fa35a444/21664590204babcf7e32aa82ef741faa,https://wolt.com/az/aze/baku/restaurant/borani-fountain-square,https://prod-wolt-venue-images-cdn.wolt.com/5dcc1ce1f870d7d8fa35a444/e575914b7d3f1004527d79c90f65222a,Nigar Rafibeyli 26a,AZ1005 Baku,"https://maps.google.com/?q=40.37178642822319,49.83848369762336",BoranÄ± restoranÄ± ailÉ™nin istrahÉ™ti Ã¼Ã§Ã¼n bir mÉ™kan kimi ziyarÉ™tÃ§ilÉ™rÉ™ aÃ§Ä±qdÄ±r. RestoranÄ±n personalÄ± sizi hÉ™m qida hÉ™m xidmÉ™t tÉ™rÉ™findÉ™n razÄ± salacaq,+994555055787,http://wolt.com
28,Ormado Kaffeehaus,Ormado Kaffeehaus - yalnÄ±z Ã¶z qovurma mÉ™hsullarÄ±ndan istifadÉ™ edir.,$$,9.2,"kofe, desert, sendviÃ§",https://prod-wolt-venue-images-cdn.wolt.com/5daff352b9fc9342b7d4416e/1086fe330f479e457d51a672b7cda1a6,https://wolt.com/az/aze/baku/restaurant/ormado-kaffehaus,https://prod-wolt-venue-images-cdn.wolt.com/5daff352b9fc9342b7d4416e/883dda49c515348caa0877fcf82d25a9,Yusif Mammadaliyev str. 23-29,AZ1000 Baku,"https://maps.google.com/?q=40.371091316836576,49.83886241901928",Ormado Kaffeehaus-a xoÅŸ gÉ™lmisiniz. Biz yalnÄ±z Ã¶z qovurma mÉ™hsullarÄ±mÄ±zdan premium qÉ™hvÉ™yÉ™ xidmÉ™t edirik vÉ™ É™n yaxÅŸÄ± qÉ™hvÉ™ lÉ™zzÉ™tini veririk. Yeni hazÄ±rlanmÄ±ÅŸ tort vÉ™ biÅŸmiÅŸ ixtisaslarÄ±mÄ±z Ã¼Ã§Ã¼n ÅŸirin vÉ™ ya lÉ™zzÉ™tli sÉ™hÉ™r yemÉ™yimizi dÉ™ tÉ™qdim edirik. Ä°sti vÉ™ ya soyuq bir qÉ™hvÉ™ ixtisasÄ± ilÉ™ daxili vafli yaradÄ±cÄ±lÄ±ÄŸÄ±mÄ±zÄ± sÄ±nayÄ±n vÉ™ mÃ¼hitimizdÉ™ dincÉ™lin.,+994502535563,https://ormado.de/az/
29,Burger House,ÆfsanÉ™vi BurgerlÉ™rin Evi,$$$,8.0,"burger, toyuq, pasta",https://prod-wolt-venue-images-cdn.wolt.com/5e3979d7bf8d7033d41ac3e3/0d975b4e-4f08-11ea-8fc6-0a5864600525_b.jpg,https://wolt.com/az/aze/baku/restaurant/burger-house-baku,https://prod-wolt-venue-images-cdn.wolt.com/5e3979d7bf8d7033d41ac3e3/14e073cc-4f08-11ea-8891-0a5864774035_DSC00578.jpg,H.Z Taghiyev 16/18,AZ1005 Baku,"https://maps.google.com/?q=40.37112972086836,49.83800273289002",ÆfsanÉ™vi BurgerlÉ™rin Evi,+994124986878,https://www.facebook.com/burgerhousebaku/
30,The Academy Cafe,The academy of delicious food!,$$,8.4,"sup, salat, pasta",https://prod-wolt-venue-images-cdn.wolt.com/5f3bbd63a9bff05b3ace3fc3/3b4633d2-ec1d-11ea-8641-9a610a266197_img_8034.jpg,https://wolt.com/az/aze/baku/restaurant/the-academy-cafe,https://prod-wolt-venue-images-cdn.wolt.com/5f3bbd63a9bff05b3ace3fc3/4574af3c-ec1d-11ea-a67e-9a610a266197_img_8006.jpg,Nizami str.64B,AZ1005 Baku,"https://maps.google.com/?q=40.37248682383355,49.83864813045007",The academy of delicious food!,+994124980247,https://wolt.com/
31,Tavada,Ä°ndi sizÉ™ daha yaxÄ±n!,$$,6.4,"azÉ™rbÉ™ycan, qril, pizza",https://prod-wolt-venue-images-cdn.wolt.com/5fe5a38e8d50551ec53c21a2/dde96548-5255-11eb-af4f-b25435160aac__48.jpg,https://wolt.com/az/aze/baku/restaurant/tavada,https://prod-wolt-venue-images-cdn.wolt.com/5fe5a38e8d50551ec53c21a2/ae4ca1a6-46cf-11eb-8fa2-1a5a308fc36b_antrikot_kabab.jpg,"7 Khagani Street, Baku",AZ1000 Baku,"https://maps.google.com/?q=40.372264635551595,49.840530398495574",Ä°ndi sizÉ™ daha yaxÄ±n!,+994552149433,https://www.instagram.com/tavada_restaurant/
32,Pizza Inn,"Pizza, Hamburger, Salatlar, Yerli vÉ™ Avropa MÉ™tbÉ™xinin YemÉ™klÉ™ri",$$$,9.2,"pizza, kÉ™bab, qril",https://prod-wolt-venue-images-cdn.wolt.com/5d400a43b7d976e5caaaafc2/02defcba6e219e666eccf23d94a5d2bb,https://wolt.com/az/aze/baku/restaurant/pizza-inn,https://prod-wolt-venue-images-cdn.wolt.com/5d400a43b7d976e5caaaafc2/bd7c44a29b1e2f6d407d2150a66890ab,Fountains Square 8,AZ1005 Baku,"https://maps.google.com/?q=40.37131475842516,49.838077425956726","Pizzas, Burgers, Salads and Dishes of Local and European Cuisine",+994124938216,https://www.facebook.com/PizzaInnBaku/
33,Hollywood,Ä°nsanlarÄ±n xoÅŸ vaxt keÃ§irÉ™ bilÉ™cÉ™yi vÉ™ lÉ™zzÉ™tli yemÉ™klÉ™rdÉ™n lÉ™zzÉ™t alacaÄŸÄ± mÉ™kan,$$$,,"beyondmeat, yaÄŸlÄ± toyuq, balÄ±q",https://prod-wolt-venue-images-cdn.wolt.com/5e8da0c8f79f1473438a3828/13a8fc4e-7f0b-11ea-b5e8-0a5864675a06_toyuq_tagliatelle.jpg,https://wolt.com/az/aze/baku/restaurant/hollywood,https://prod-wolt-venue-images-cdn.wolt.com/5e8da0c8f79f1473438a3828/1fa40a3e-7f0b-11ea-8a5a-0a58647f87ac__t_langet.jpg,Yusif Mammedaliyev str. 19,AZ1000 Baku,"https://maps.google.com/?q=40.37159306436577,49.83863509035206",Ä°nsanlarÄ±n xoÅŸ vaxt keÃ§irÉ™ bilÉ™cÉ™yi vÉ™ lÉ™zzÉ™tli yemÉ™klÉ™rdÉ™n lÉ™zzÉ™t alacaÄŸÄ± mÉ™kan,+994503019061,https://wolt.com/
34,212 DÃ¶nÉ™r,Doner Boutique,$,8.8,"dana É™ti, dÃ¶nÉ™r, kartof fri",https://prod-wolt-venue-images-cdn.wolt.com/5eb00ab1a4197a0216ab45cf/da22cf6c-9059-11ea-ae01-0a58646e6639_whatsapp_image_2020_05_06_at_15.27.36.jpeg,https://wolt.com/az/aze/baku/restaurant/212-doner,https://prod-wolt-venue-images-cdn.wolt.com/5eb00ab1a4197a0216ab45cf/ef074994-9059-11ea-a5ae-0a58646e6639_whatsapp_image_2020_05_06_at_15.27.36.jpeg,Nizami Str. 77,AZ1000 Baku,"https://maps.google.com/?q=40.37272392118317,49.83920249938846",Doner Boutique,+994557241212,https://www.facebook.com/212Doner
35,Corner Eatery & Cafe ,Â ,$$$,8.8,"burger, desert, hotdoq",https://prod-wolt-venue-images-cdn.wolt.com/5e96e27402c8dfb73ce6ab2e/6af41972-1ce3-11eb-9278-c2de9044bd8d_corner_wolt_cover.jpg,https://wolt.com/az/aze/baku/restaurant/nizami-62,https://prod-wolt-venue-images-cdn.wolt.com/5e96e27402c8dfb73ce6ab2e/060496fc-7f06-11ea-9c28-0a58647e8a8f_img_2941.jpg,Nizami 62,AZ1005 Baku,"https://maps.google.com/?q=40.37205511551817,49.83801559115582",...,+994505650062,https://www.instagram.com/st.nizami62/?hl=en
36,KÃ¶z Plus Nizami,KÃ¶zdÉ™ biÅŸÉ™n lÉ™zzÉ™tlÉ™r,$$,8.4,"dÃ¶nÉ™r, iÃ§kilÉ™r, kÃ¶ftÉ™",https://prod-wolt-venue-images-cdn.wolt.com/5f93ee15720dc5cc27853b92/f495ba8a-15d8-11eb-b6ce-3aeffceb8ae1_shaurma.jpg,https://wolt.com/az/aze/baku/restaurant/koz-plus-nizami,https://prod-wolt-venue-images-cdn.wolt.com/5f93ee15720dc5cc27853b92/d2586a8a-15d8-11eb-8fde-f20336f92d0a_tantuni.png,Sabail ray. Nizami str. 77,AZ1000 Baku,"https://maps.google.com/?q=40.372836436601354,49.839338236773145",KÃ¶zdÉ™ biÅŸÉ™n lÉ™zzÉ™tlÉ™r,+994504774444,https://www.facebook.com/kozplusbaku/?ref=page_internal
37,Wok No 1,Æsl AsianÄ±n dadÄ±nÄ± bizimlÉ™ dad!,$$,8.2,"asiya, nudls, roll",https://prod-wolt-venue-images-cdn.wolt.com/600a7adf3c431209f3cf2971/094a086a-5ef8-11eb-8eca-5e2d18086928_image_from_ios__1_.png,https://wolt.com/az/aze/baku/restaurant/wok-no-1,https://prod-wolt-venue-images-cdn.wolt.com/600a7adf3c431209f3cf2971/10c38472-5ef8-11eb-aba6-5e2d18086928_image_from_ios__1_.png,TagÄ±yev 14,AZ1000 Baku,"https://maps.google.com/?q=40.370838118007526,49.838396684702154",Æsl AsianÄ±n dadÄ±nÄ± bizimlÉ™ dad!,+994125983711,DÉ™stÉ™k sÃ¶hbÉ™tini aÃ§
38,Malakan Sushi,"""Premium klass"" tÉ™sÉ™vvÃ¼rÃ¼nÃ¼ bizimlÉ™ dÉ™yiÅŸin",$$,,"suÅŸi, sprinqrol, maki",https://prod-wolt-venue-images-cdn.wolt.com/60472c2b0d8782d460d2bf9a/df077f0a-826b-11eb-84e5-02f02aff312f_gril_set.jpg,https://wolt.com/az/aze/baku/restaurant/malakan-oishi-sushi,https://prod-wolt-venue-images-cdn.wolt.com/60472c2b0d8782d460d2bf9a/e48bed08-826b-11eb-bec8-02f02aff312f_black_dragon.jpg,Rasul Rza 19,AZ1000 Baku,"https://maps.google.com/?q=40.3707986,49.840152","""Premium klass"" tÉ™sÉ™vvÃ¼rÃ¼nÃ¼ bizimlÉ™ dÉ™yiÅŸin",+994558222732,https://www.instagram.com/sushi_oishi_malakan/
39,Boombalambuz,Â ,$,,"blinÃ§ik, desert, pankeyk",https://prod-wolt-venue-images-cdn.wolt.com/5e3d0955ebaf9deec5d8394f/5a926158-4979-11ea-b410-0a586475ce3f_DSC09878%20copy.jpg,https://wolt.com/az/aze/baku/restaurant/boombalambuz,https://prod-wolt-venue-images-cdn.wolt.com/5e3d0955ebaf9deec5d8394f/bfaa29a4-4979-11ea-9dfb-0a5864762221_DSC09856%20copy.jpg,Haji Zeynalabdin Taghiyev str. 20C,AZ1000 Baku,"https://maps.google.com/?q=40.37072113970363,49.83847788249661","BoomBalamBuz - yeni dad Ã§alarlarÄ±nÄ±n axtarÄ±ÅŸÄ±nda olanlar Ã¼Ã§Ã¼n Ã¶zÃ¼nÉ™mÉ™xsus istirahÉ™t formatÄ±dÄ±r. Burada siz lakonik interyer vÉ™ xoÅŸ mÃ¼hitin qayÄŸÄ±keÅŸ iÅŸÃ§ilÉ™r ilÉ™ birlikdÉ™ yaratdÄ±ÄŸÄ± ahÉ™ngi asudÉ™ vaxtÄ±nÄ±zÄ±n É™vÉ™zolunmaz komponentinÉ™ Ã§evirÉ™cÉ™ksiniz. BoomBalambuzun konseptual fÉ™lsÉ™fÉ™si qonaqlara É™n dadlÄ± frikÅŸeyk vÉ™ qaynar iÃ§kilÉ™r tÉ™qdim etmÉ™kdÉ™n ibarÉ™tdir. Nutella xanÄ±m, QÄ±rmÄ±zÄ± Papaq, Robert Brownie Jr. vÉ™ s. â€“ sadÉ™cÉ™ naÄŸÄ±l qÉ™hrÉ™manlarÄ± deyil, bizim baristalarÄ±n yaradÄ±cÄ± vÉ™ Ã§Ä±lÄŸÄ±n fantaziyalarÄ±nÄ±n dadlÄ± mÉ™hsuludur. BakÄ±nÄ±n mÉ™rkÉ™zindÉ™ yerlÉ™ÅŸÉ™n mÉ™kanÄ±mÄ±z qonaqlarÄ± yÃ¼ksÉ™k keyfiyyÉ™t vÉ™ demokratik qiymÉ™t siyasÉ™ti ilÉ™ hÉ™r gÃ¼n sevindirir. XoÅŸ gÉ™lmiÅŸsiniz!",+99450515 26 66,https://www.instagram.com/boombalambuz/?hl=en
40,Kumpir â„–1,"Rain or shine, itâ€™s time to dine",$$,8.2,azÉ™rbÉ™ycan,https://prod-wolt-venue-images-cdn.wolt.com/5fc0c0ccfc85a1df04988f73/4c8ed9f6-86fe-11eb-a444-d6b735ecb45d_cover.jpg,https://wolt.com/az/aze/baku/restaurant/xash-house,https://prod-wolt-venue-images-cdn.wolt.com/5fc0c0ccfc85a1df04988f73/4fef12fa-86fe-11eb-afcb-8e568094f854_cover.jpg,"Sabail district, Haji Zeynalabdin Tagiyev str. 21 A",AZ1000 Baku,"https://maps.google.com/?q=40.370615574027674,49.83867969992176","Rain or shine, itâ€™s time to dine",+994507337377,https://wolt.com/en/discovery
41,La Vera Pizza,Ä°talyan Ã¼sulu ilÉ™ odun atÉ™ÅŸindÉ™ biÅŸirilmiÅŸ pizzalar sizi gÃ¶zlÉ™yir!,$$,8.8,"pizza, sup, salat",https://prod-wolt-venue-images-cdn.wolt.com/5e2977e3e8fc194171b4e3ed/1e386ff6-3dce-11ea-95ec-0a5864733d0b_QARSHIQ.jpg,https://wolt.com/az/aze/baku/restaurant/la-vera-pizza,https://prod-wolt-venue-images-cdn.wolt.com/5e2977e3e8fc194171b4e3ed/2d45f78e-3dce-11ea-8510-0a5864733d0b_CALZONE%20FUNGI%20POLO%20%283%29.jpg,Mardanov GardashlarÄ± str. 6,az1000 Baku,"https://maps.google.com/?q=40.37173974621931,49.84101504192625",Ä°talyan Ã¼sulu ilÉ™ odun atÉ™ÅŸindÉ™ biÅŸirilmiÅŸ pizzalar sizi gÃ¶zlÉ™yir!,+99412498 98 32,https://www.facebook.com/pg/LaVeraPizzaBaku/about/?ref=page_internal
42,Kebab Express,Tez vÉ™ DadlÄ±!,$$,7.8,"kÉ™bab, roll, qablaÅŸdÄ±rma",https://prod-wolt-venue-images-cdn.wolt.com/5e316f7c773812a11feac16a/3eecf59a-428e-11ea-b9ff-0a586474b206_A.png,https://wolt.com/az/aze/baku/restaurant/kebab-express,https://prod-wolt-venue-images-cdn.wolt.com/5e316f7c773812a11feac16a/43562354-428e-11ea-8d78-0a586474b206_A%20%281%29.png,Mardanov GardashlarÄ± str. 6,az1000 Baku,"https://maps.google.com/?q=40.371730552240194,49.841030574684204",Tez vÉ™ DadlÄ±!,+99412498 98 32,https://www.facebook.com/pg/KebabExpressBaku/about/?ref=page_internal
43,Adam's Curry,Ã‡in vÉ™ Hindistan MÉ™tbÉ™xi ğŸ¥¢,$$,8.2,"hindi, Ã§in, vegetarian",https://prod-wolt-venue-images-cdn.wolt.com/5fae8e1e2dba9acb66d0685e/ab217eba-28a8-11eb-96da-7e2cf4686b55_img_2519.jpg,https://wolt.com/az/aze/baku/restaurant/adams-curry,https://prod-wolt-venue-images-cdn.wolt.com/5fae8e1e2dba9acb66d0685e/b084c66e-28a8-11eb-97b4-7e2cf4686b55_img_2525.jpg,"Haji Zeynalabdin Tagiyev str., 19",AZ1000 Baku,"https://maps.google.com/?q=40.3709943,49.8379184",Ã‡in vÉ™ Hindistan MÉ™tbÉ™xi ğŸ¥¢,+994552882408,https://wolt.com/az/
44,GAIA Restaurant,"""Gaia""da tÉ™qdim olunan Ã§eÅŸid-Ã§eÅŸid yemÉ™klÉ™r, iÃ§kilÉ™r vÉ™ mÉ™zÉ™lÉ™rin dadÄ± damaÄŸÄ±nÄ±zdan getmÉ™yÉ™cÉ™k. ğŸ˜‰",$$,,"avropa, steyk, salat",https://prod-wolt-venue-images-cdn.wolt.com/604b147f01867e745c6ce7a0/a461abea-88a2-11eb-ac45-5e18586788a1_img_1075.jpg,https://wolt.com/az/aze/baku/restaurant/gaia-restaurant,https://prod-wolt-venue-images-cdn.wolt.com/604b147f01867e745c6ce7a0/b0f2c362-88a2-11eb-9373-3ebcdc75db9e_img_1064.jpg,GAÄ°A restaraunt,AZ1005 Baku,"https://maps.google.com/?q=40.370735,49.8382322","""Gaia""da tÉ™qdim olunan Ã§eÅŸid-Ã§eÅŸid yemÉ™klÉ™r, iÃ§kilÉ™r vÉ™ mÉ™zÉ™lÉ™rin dadÄ± damaÄŸÄ±nÄ±zdan getmÉ™yÉ™cÉ™k. ğŸ˜‰",+994518808988,https://www.instagram.com/gaia_baku/
45,PaÅŸa DÃ¶nÉ™r FÉ™vvarÉ™lÉ™r MeydanÄ±,DÃ¶nÉ™r vÉ™ daha Ã§ox,$$,,"dÃ¶nÉ™r, toyuq, fastfud",https://prod-wolt-venue-images-cdn.wolt.com/5f77013b1b680e865ece7923/0c8e3d0a-049b-11eb-b987-02da8c9a7e8b_pasha_gr.jpg,https://wolt.com/az/aze/baku/restaurant/pasha-doner-fountain-square,https://prod-wolt-venue-images-cdn.wolt.com/5f77013b1b680e865ece7923/128fbd3c-049b-11eb-ad48-f64362b72d68_pasha_cl.jpg,Fountain Square,AZ1058 Baku,"https://maps.google.com/?q=40.37073383812349,49.8375706342819",DÃ¶nÉ™r vÉ™ daha Ã§ox,+994552128512,https://www.facebook.com/Pashadonerbaku/
46,Compass Pub West,Sizi xoÅŸ vÉ™ lÉ™zzÉ™tlÉ™ tÉ™É™ccÃ¼blÉ™ndirÉ™cÉ™yik!,$$,8.8,"alcohol, pivÉ™, AcÄ±lÄ± Qanadlar",https://prod-wolt-venue-images-cdn.wolt.com/5ef0f33338c59679f7c561b2/19516f26-b621-11ea-8b92-76f28a4377d5_img_5218.jpg,https://wolt.com/az/aze/baku/restaurant/compass-pub-west,https://prod-wolt-venue-images-cdn.wolt.com/5ef0f33338c59679f7c561b2/689bb610-b589-11ea-b1d1-a68c9f3042e5_img_5133.jpg,"Sabail district, Tarlan Aliyarbayov str. 12",AZ1000 Baku,"https://maps.google.com/?q=40.37017690685506,49.83809472134039",Sizi xoÅŸ vÉ™ lÉ™zzÉ™tlÉ™ tÉ™É™ccÃ¼blÉ™ndirÉ™cÉ™yik!,+994502911888,https://www.instagram.com/compasspub.west/
47,Kuba Lounge & Bar,Â ,$$,,"meksikan, pasta, desert",https://prod-wolt-venue-images-cdn.wolt.com/5eb54c21b1c95eb8913109e4/4da816d8-9125-11ea-b0d6-0a58646e6129_bolognese.jpg,https://wolt.com/az/aze/baku/restaurant/kuba-lounge-bar,https://prod-wolt-venue-images-cdn.wolt.com/5eb54c21b1c95eb8913109e4/558b9a1e-9125-11ea-9398-0a58646f2906_popcorn_chicken.jpg,Rasul Rza str. 11,AZ1000 Baku,"https://maps.google.com/?q=40.3710104,49.8401636",Sizi ac qoymayacaÄŸÄ±q!,+994125550000,https://www.facebook.com/kubaloungebar/
48,Shokoladnitsa,"Sizi, ""Shokoladnitsa""-nÄ±n olduqca fÉ™rqli Ã§eÅŸidi ilÉ™ tanÄ±ÅŸ olmaÄŸa dÉ™vÉ™t edirik!",$$,8.4,"Ã§Ã¶rÉ™k, kofe, desert",https://prod-wolt-venue-images-cdn.wolt.com/5e85dc518c8fe69564e36648/1bd69386-7e48-11ea-991c-0a58647e8da1_screen_shot_2020_04_14_at_16.03.28.png,https://wolt.com/az/aze/baku/restaurant/shokoladnitsa,https://prod-wolt-venue-images-cdn.wolt.com/5e85dc518c8fe69564e36648/33adb600-74df-11ea-9d88-0a58647f8458_AV0A5077-Edit.jpg,"Sabail dist, Nizami str. 73",az1000 Baku,"https://maps.google.com/?q=40.37237092730699,49.837894454342816","Sizi, ""Shokoladnitsa""-nÄ±n olduqca fÉ™rqli Ã§eÅŸidi ilÉ™ tanÄ±ÅŸ olmaÄŸa dÉ™vÉ™t edirik!",+994124930482,https://www.facebook.com/pg/Shokoladnitsa/
49,Namaste,Hindistan mÉ™tbÉ™xi,$$,8.8,"toyuq, hindi, quzu É™ti",https://prod-wolt-venue-images-cdn.wolt.com/5ed77c9afee479fb6df7a47d/2136e47e-a720-11ea-b0e9-0a5864788c5a_img_4467.jpg,https://wolt.com/az/aze/baku/restaurant/namastebaku,https://prod-wolt-venue-images-cdn.wolt.com/5ed77c9afee479fb6df7a47d/29d64908-a720-11ea-b0b8-0a5864736b65_img_4470.jpg,"Tarlan Aliyerbeyov str. 12, flat 2",AZ1005 Baku,"https://maps.google.com/?q=40.37029102275594,49.837952251581875",Hindistan mÉ™tbÉ™xi,+994552882408,https://wolt.com
